Hyundai,Accent,2016,White,15030
Kia,Picanto,2016,Balck,15990
Kia ,Stringer,2019,Red,33980
Nissan ,Urvan,2018,Gray,38060
Suzuki,Celerio,2014,Gray,14000
Chevrolet,Spin,2017,Black Sapphire,9980
GMC,Yukon XL,2019,White,42000
Dodge ,Charger,2017,Balck,25000
Mazda,CX-7,2018,Gold,20000
Chevrolet,Camaro,2016,White,29000
BMW,335i,2018,Silver,37000
BMw,128i,2018,Pink,28000
Mitsubishi,Lancer,2017,White,16000
Mercedes ,G63,2019,Gray,149400
Mercedes ,E200,2018,Blue,97000
Ford,Explorer,2017,Balck,32000
Ford,Expedition Max,2018,White,53000
Toyota,Tundra,2018,Orange,37700
Toyota,Camry,2019,Silver,24765
Jeep,Compass,2017,Yellow,22090